id,nachname,email,username,version
1,Müller,mueller@example.de,mueller,0
20,Schmidt,schmidt@example.de,schmidt,0
30,Fischer,fischer@example.de,fischer,0
40,Weber,weber@example.de,weber,0
50,Wagner,wagner@example.de,wagner,0
60,Becker,becker@example.de,becker,0
70,Schulz,schulz@example.de,schulz,0
80,Hoffmann,hoffmann@example.de,hoffmann,0
90,Müller,anna.mueller@example.de,anna,0
100,Schmidt,hans.schmidt@example.de,hans,0
110,Fischer,petra.fischer@example.de,petra,0
120,Meyer,meyer@example.de,meyer,0
130,Braun,braun@example.de,braun,0
140,Klein,klein@example.de,klein,0
150,Wolf,wolf@example.de,wolf,0
